"타임스탬프","0. あなたの年齢を教えてください","1. このゲームはどれ程あなたの好みに合いましたか？","2. 下記の中で、楽しく遊んだことがあるものを選んでください（複数選択可）","3. このジャンルのゲームをプレイする主な理由は何ですか？（複数選択可）","4. 1プレイを「短い物語」だとすると、クライマックスはどんな瞬間でしたか？
例：「敵に囲まれてピンチだったが、一気に倒せたとき」
「新しいユニットの組み合わせの力を実感したとき」","5. 逆に、プレイ中に最もイライラしたり、アプリを削除したいと思った瞬間は？
 例：「ミネラルを取りに行きたいのに敵に囲まれて動けなかった」
「ユニットがなぜ倒されたのか分からなかった」","6. このゲームを友達に一言で紹介するとしたら？","7. ゲームで最も楽しいと感じた要素は何ですか？（複数選択可）","8. 最後にゲームシステムやルール、アートワークなど、改善してほしい点があれば自由に書いてください。"
"2025/09/25 11:58:14 AM GMT+9","","3","このようなゲームはあまり遊ばない","敵を一掃するときのスリル;キャラクターを育成して強くなる楽しさ","敵をたくさん倒せたとき","動作の重さ","かわいいネコちゃんで気軽にプレイしやすい","モンスターを素早く倒す爽快感",""
"2025/09/25 11:59:26 AM GMT+9","","4","Ace Craft","敵を一掃するときのスリル;個性的なグラフィックや世界観","大量の敵を一気に倒すとき","うまくレベルアップできなかったとき","猫が可愛い","モンスターを素早く倒す爽快感",""
"2025/09/25 12:50:48 PM GMT+9","","4","Vampire Survivors","キャラクターを育成して強くなる楽しさ","うまく採掘できた時","","かわいいヴァンサバ","ユニットをマージして新しいランクを作ること","スタミナはちょっと古い。
好きなだけプレイさせた方が良い。"
"2025/09/25 1:10:24 PM GMT+9","","5","Ace Craft","敵を一掃するときのスリル;戦略で勝ったときの達成感;個性的なグラフィックや世界観","強くなって敵が柔らかく溶ける快感","特にない！","楽々楽しいシチェーション","モンスターを素早く倒す爽快感","かなり良さげでした！！！"
"2025/09/25 1:18:47 PM GMT+9","","5","Vampire Survivors","戦略で勝ったときの達成感;キャラクターを育成して強くなる楽しさ;個性的なグラフィックや世界観","","","","モンスターを素早く倒す爽快感",""
"2025/09/25 2:26:34 PM GMT+9","","4","Vampire Survivors;Archero（弓矢の伝説）","キャラクターを育成して強くなる楽しさ","","","Cute, mobile vampire survivors-esque","ユニットをマージして新しいランクを作ること",""
"2025/09/25 2:43:02 PM GMT+9","","5","このようなゲームはあまり遊ばない","キャラクターを育成して強くなる楽しさ","","","かわいい","モンスターを素早く倒す爽快感",""
"2025/09/25 2:57:23 PM GMT+9","","4","このようなゲームはあまり遊ばない","戦略で勝ったときの達成感","","","","戦略カードを集めてデッキを組む楽しさ",""
"2025/09/26 10:19:11 AM GMT+9","","5","Ace Craft;Archero（弓矢の伝説）","個性的なグラフィックや世界観","始まったときの世界観","とくにない","かわいいゲーム！ipもバズりそう。","モンスターを素早く倒す爽快感","とくにありません！"
"2025/09/26 11:21:18 AM GMT+9","","5","","敵を一掃するときのスリル","可愛い","進め方が遅すぎると","可愛いアクション","モンスターを素早く倒す爽快感",""
"2025/09/26 11:40:43 AM GMT+9","","5","Vampire Survivors;Survivor.io（ダダサバイバー）;Archero（弓矢の伝説）","敵を一掃するときのスリル",".",".",".","モンスターを素早く倒す爽快感","."
"2025/09/26 11:54:03 AM GMT+9","","5","このようなゲームはあまり遊ばない","キャラクターを育成して強くなる楽しさ","ガチャでいいユニットが選ばれた時","","無限リピート強化トレーニング","戦略カードを集めてデッキを組む楽しさ","1. 青い主人公のキャラクターとペットの区別がつかない。 2. ステージ終了後、宝に取ることを後になって知った。 自動で抜くのもいいと思う。"
"2025/09/26 12:05:21 PM GMT+9","","5","Vampire Survivors;Survivor.io（ダダサバイバー）;Archero（弓矢の伝説）","キャラクターを育成して強くなる楽しさ","組み合わせた時","負けた時","おもろい","モンスターを素早く倒す爽快感","スライドを動きやすくすると"
"2025/09/26 12:10:30 PM GMT+9","","4","Vampire Survivors","キャラクターを育成して強くなる楽しさ","ボスを倒す瞬間","持ちこたえられなかったとき","ヴァンサバを100倍可愛くした感じ！","ユニットをマージして新しいランクを作ること",""
"2025/09/26 12:26:25 PM GMT+9","","5","Vampire Survivors","敵を一掃するときのスリル;個性的なグラフィックや世界観","ボスを倒した時","特にありません","かわいい！","モンスターを素早く倒す爽快感;戦略カードを集めてデッキを組む楽しさ","丁寧に教えてくださりとても楽しかったです！ありがとうございました！"
"2025/09/26 12:38:42 PM GMT+9","","5","Survivor.io（ダダサバイバー）","敵を一掃するときのスリル;キャラクターを育成して強くなる楽しさ","多数の敵を同時に倒せる時","","","モンスターを素早く倒す爽快感;ユニットをマージして新しいランクを作ること",""
"2025/09/26 1:09:54 PM GMT+9","","4","このようなゲームはあまり遊ばない","キャラクターを育成して強くなる楽しさ","","","","戦略カードを集めてデッキを組む楽しさ;ユニットをマージして新しいランクを作ること",""
"2025/09/26 1:50:20 PM GMT+9","","4","Ace Craft","戦略で勝ったときの達成感","クリアできて仲間がゲットできたとき！","ない","暇つぶしで楽しい","モンスターを素早く倒す爽快感;戦略カードを集めてデッキを組む楽しさ",""
"2025/09/26 3:52:48 PM GMT+9","","4","このようなゲームはあまり遊ばない","キャラクターを育成して強くなる楽しさ;個性的なグラフィックや世界観","星をゲットした時","プレイ方法がわからない","可愛いバトルゲーム","マップのミネラルを採掘してルーレットでアイテムを得ること",""
"2025/09/26 3:52:53 PM GMT+9","","3","このようなゲームはあまり遊ばない","敵を一掃するときのスリル;キャラクターを育成して強くなる楽しさ","ピンチで倒されたとき","かこまれたとき","逃げながら溜めるゲーム","モンスターを素早く倒す爽快感","もうちょっと説明がほしいかも。チュートリアルがほしい。がんばってね"
"2025/09/26 3:57:19 PM GMT+9","","5","Survivor.io（ダダサバイバー）","敵を一掃するときのスリル;個性的なグラフィックや世界観","爽快！","最初やり方がわからなかった","ストレス発散","モンスターを素早く倒す爽快感","リリース楽しみです"
"2025/09/26 4:18:53 PM GMT+9","","5","Survivor.io（ダダサバイバー）","キャラクターを育成して強くなる楽しさ","","","可愛い","ユニットをマージして新しいランクを作ること",""
"2025/09/26 4:28:12 PM GMT+9","","5","Survivor.io（ダダサバイバー）","キャラクターを育成して強くなる楽しさ","","","","マップのミネラルを採掘してルーレットでアイテムを得ること",""
"2025/09/26 4:28:32 PM GMT+9","","4","Vampire Survivors;Survivor.io（ダダサバイバー）;Archero（弓矢の伝説）","戦略で勝ったときの達成感;キャラクターを育成して強くなる楽しさ","","","","モンスターを素早く倒す爽快感",""
"2025/09/26 4:41:05 PM GMT+9","","4","Vampire Survivors","敵を一掃するときのスリル;戦略で勝ったときの達成感;個性的なグラフィックや世界観","","","","モンスターを素早く倒す爽快感;戦略カードを集めてデッキを組む楽しさ;ユニットをマージして新しいランクを作ること",""
"2025/09/27 10:10:02 AM GMT+9","","4","Vampire Survivors;Survivor.io（ダダサバイバー）","敵を一掃するときのスリル;個性的なグラフィックや世界観","Cmbo","簡単すぎ","","戦略カードを集めてデッキを組む楽しさ",""
"2025/09/27 10:12:10 AM GMT+9","","4","Vampire Survivors;Archero（弓矢の伝説）","敵を一掃するときのスリル;戦略で勝ったときの達成感;キャラクターを育成して強くなる楽しさ","敵に囲まれてピンチだったが、一気に倒せたとき","Go through the game eventually ","Yes","モンスターを素早く倒す爽快感;戦略カードを集めてデッキを組む楽しさ;ユニットをマージして新しいランクを作ること;マップのミネラルを採掘してルーレットでアイテムを得ること","It's good enough 👍"
"2025/09/27 10:13:24 AM GMT+9","","5","","敵を一掃するときのスリル;個性的なグラフィックや世界観","","","","戦略カードを集めてデッキを組む楽しさ;マップのミネラルを採掘してルーレットでアイテムを得ること",""
"2025/09/27 10:17:24 AM GMT+9","","5","Survivor.io（ダダサバイバー）","個性的なグラフィックや世界観","","","","モンスターを素早く倒す爽快感",""
"2025/09/27 10:32:56 AM GMT+9","","4","このようなゲームはあまり遊ばない","キャラクターを育成して強くなる楽しさ","","無し","はい、楽しいなので","モンスターを素早く倒す爽快感;ユニットをマージして新しいランクを作ること",""
"2025/09/27 10:37:39 AM GMT+9","","5","このようなゲームはあまり遊ばない","敵を一掃するときのスリル;戦略で勝ったときの達成感","新しいユニットの組み合わせの力を実感したとき","","很好玩，升級方式多樣","モンスターを素早く倒す爽快感","無"
"2025/09/27 10:54:15 AM GMT+9","","5","このようなゲームはあまり遊ばない","キャラクターを育成して強くなる楽しさ;他プレイヤーとの競争・協力の面白さ","手軽でよかった","ダメージが多いと思う","手軽にできる暇つぶし！電車の中でやろう","モンスターを素早く倒す爽快感","ダメージが多いように思う　あと当たり判定がちょっと厳しいかも"
"2025/09/27 11:07:01 AM GMT+9","","5","Survivor.io（ダダサバイバー）;Archero（弓矢の伝説）","敵を一掃するときのスリル;戦略で勝ったときの達成感;個性的なグラフィックや世界観","何とか逃げきれた時","事故で負けた！","たのしい","戦略カードを集めてデッキを組む楽しさ",""
"2025/09/27 11:08:16 AM GMT+9","","5","Survivor.io（ダダサバイバー）;Ace Craft;Archero（弓矢の伝説）","敵を一掃するときのスリル;戦略で勝ったときの達成感;キャラクターを育成して強くなる楽しさ","倒せて気持ちいい！","","無双！","モンスターを素早く倒す爽快感;戦略カードを集めてデッキを組む楽しさ",""
"2025/09/27 11:23:13 AM GMT+9","","4","Vampire Survivors","敵を一掃するときのスリル","","これバンパイアやんという瞬間","見た目めっちゃかわいいバンパイア","ユニットをマージして新しいランクを作ること;マップのミネラルを採掘してルーレットでアイテムを得ること",""
"2025/09/27 11:23:57 AM GMT+9","","5","Survivor.io（ダダサバイバー）","敵を一掃するときのスリル;戦略で勝ったときの達成感;キャラクターを育成して強くなる楽しさ;個性的なグラフィックや世界観","爽快感がありました","","","モンスターを素早く倒す爽快感",""
"2025/09/27 11:34:42 AM GMT+9","","5","Survivor.io（ダダサバイバー）","キャラクターを育成して強くなる楽しさ","ユニット組み合わせ","特にない","ハマる","ユニットをマージして新しいランクを作ること","ナシ"
"2025/09/27 11:36:32 AM GMT+9","","4","このようなゲームはあまり遊ばない","戦略で勝ったときの達成感","Surrounded by enemies, and I can get out
","not yet to felt
","It’s funny","ユニットをマージして新しいランクを作ること","No yet
 To felt
"
"2025/09/27 11:47:16 AM GMT+9","","5","このようなゲームはあまり遊ばない","敵を一掃するときのスリル;キャラクターを育成して強くなる楽しさ;個性的なグラフィックや世界観","短時間でも遊べてよかった","","","モンスターを素早く倒す爽快感;戦略カードを集めてデッキを組む楽しさ;ユニットをマージして新しいランクを作ること",""
"2025/09/27 11:57:33 AM GMT+9","","5","Vampire Survivors","敵を一掃するときのスリル;キャラクターを育成して強くなる楽しさ","Powering up and defeating everything faster!","When I lost a level near the end","Exciting!","戦略カードを集めてデッキを組む楽しさ",""
"2025/09/27 11:58:24 AM GMT+9","","3","Vampire Survivors;Survivor.io（ダダサバイバー）;Archero（弓矢の伝説）","敵を一掃するときのスリル","destroying enemies","lag","idle rpg","モンスターを素早く倒す爽快感",""
"2025/09/27 11:59:10 AM GMT+9","","5","Survivor.io（ダダサバイバー）;Ace Craft","敵を一掃するときのスリル;キャラクターを育成して強くなる楽しさ","倒した時","負けた時","楽しい","モンスターを素早く倒す爽快感",""
"2025/09/27 11:59:58 AM GMT+9","","4","Vampire Survivors;Survivor.io（ダダサバイバー）","キャラクターを育成して強くなる楽しさ","","","","モンスターを素早く倒す爽快感",""
"2025/09/27 12:13:00 PM GMT+9","30~39歳","5","Survivor.io（ダダサバイバー）","戦略で勝ったときの達成感","","","","",""
"2025/09/27 12:33:07 PM GMT+9","20~29歳","3","Survivor.io（ダダサバイバー）","キャラクターを育成して強くなる楽しさ","","結構序盤でも敵が多い","","ユニットをマージして新しいランクを作ること",""
"2025/09/27 12:34:55 PM GMT+9","20~29歳","4","Survivor.io（ダダサバイバー）;Archero（弓矢の伝説）","戦略で勝ったときの達成感;キャラクターを育成して強くなる楽しさ;個性的なグラフィックや世界観","どんな演出になるんだろうという感じ
","特になし スムーズな動き方だった","たのしくキャラクターがかわいいよ","モンスターを素早く倒す爽快感;ユニットをマージして新しいランクを作ること",""
"2025/09/27 12:36:43 PM GMT+9","20~29歳","4","Survivor.io（ダダサバイバー）","キャラクターを育成して強くなる楽しさ","最後に逃げ場がなくなって倒される瞬間","欲しいアイテムや装備が出なかった時","ヴァンサバライク","マップのミネラルを採掘してルーレットでアイテムを得ること",""
"2025/09/27 12:50:06 PM GMT+9","20~29歳","4","Vampire Survivors;Survivor.io（ダダサバイバー）","敵を一掃するときのスリル;キャラクターを育成して強くなる楽しさ","マージして敵が弱く感じるところ","一番弱い敵の攻撃範囲が分かりずらかった","ヴァンサバライク","戦略カードを集めてデッキを組む楽しさ;ユニットをマージして新しいランクを作ること","敵の攻撃範囲がもう少しわかりやすいと嬉しい。
ユニットも多いので意図せず当たってしまうことがある"
"2025/09/27 12:52:48 PM GMT+9","20~29歳","5","Vampire Survivors;Survivor.io（ダダサバイバー）","キャラクターを育成して強くなる楽しさ","大きい攻撃が続けてだけで良い","序盤のステージで敵に囲まれる","可愛いねこの暇つぶしになるゲーム","戦略カードを集めてデッキを組む楽しさ","特にないです、楽しみにしています"
"2025/09/27 12:56:40 PM GMT+9","30~39歳","3","このようなゲームはあまり遊ばない","敵を一掃するときのスリル","","","","モンスターを素早く倒す爽快感",""
"2025/09/27 12:56:59 PM GMT+9","30~39歳","5","このようなゲームはあまり遊ばない","個性的なグラフィックや世界観","ウェーブクリアした時","","かわいい","キャラクターの可愛さ",""
"2025/09/27 1:23:29 PM GMT+9","30~39歳","4","Archero（弓矢の伝説）","戦略で勝ったときの達成感","","","","ユニットをマージして新しいランクを作ること",""
"2025/09/27 1:35:40 PM GMT+9","40~49歳","1","Vampire Survivors","敵を一掃するときのスリル","楽しい","めちゃくちゃ","楽しい","モンスターを素早く倒す爽快感",""
"2025/09/27 1:36:13 PM GMT+9","10~19歳","5","","戦略で勝ったときの達成感","","","","マップのミネラルを採掘してルーレットでアイテムを得ること",""
"2025/09/27 1:50:05 PM GMT+9","10~19歳","4","Survivor.io（ダダサバイバー）","敵を一掃するときのスリル;戦略で勝ったときの達成感","新しいユニットを組み合わせて戦闘する","なし","敵を一掃できる","モンスターを素早く倒す爽快感","なし"
"2025/09/27 2:00:49 PM GMT+9","20~29歳","5","このようなゲームはあまり遊ばない","敵を一掃するときのスリル;戦略で勝ったときの達成感","新武器的组合很有意思","被敌人包围的时候无法行动","はい","モンスターを素早く倒す爽快感;戦略カードを集めてデッキを組む楽しさ","和土豆兄弟太像了，希望有自己更多的创意"
"2025/09/27 2:05:54 PM GMT+9","30~39歳","4","","個性的なグラフィックや世界観","","","","",""
"2025/09/27 2:06:17 PM GMT+9","20~29歳","5","このようなゲームはあまり遊ばない","キャラクターを育成して強くなる楽しさ","","","","戦略カードを集めてデッキを組む楽しさ",""
"2025/09/27 2:12:42 PM GMT+9","40~49歳","5","Vampire Survivors","","","","","",""
"2025/09/27 2:34:19 PM GMT+9","40~49歳","5","このようなゲームはあまり遊ばない","キャラクターを育成して強くなる楽しさ","Synergy amongst characters","the control stick and my character being too slow","avoid getting hit whilst collecting power ups to level your hero","ユニットをマージして新しいランクを作ること","Add story and chapters to unlock and multiplayer "
"2025/09/27 2:41:58 PM GMT+9","20~29歳","3","Archero（弓矢の伝説）","戦略で勝ったときの達成感;キャラクターを育成して強くなる楽しさ","","","","モンスターを素早く倒す爽快感;マップのミネラルを採掘してルーレットでアイテムを得ること",""
"2025/09/27 2:43:38 PM GMT+9","30~39歳","5","このようなゲームはあまり遊ばない","キャラクターを育成して強くなる楽しさ;個性的なグラフィックや世界観","ボス戦","操作がうまく理解できない時","かわいい！","モンスターを素早く倒す爽快感;戦略カードを集めてデッキを組む楽しさ",""
"2025/09/27 2:46:45 PM GMT+9","20~29歳","4","Vampire Survivors","個性的なグラフィックや世界観","","","","ユニットをマージして新しいランクを作ること",""
"2025/09/27 3:01:23 PM GMT+9","50歳以上","5","Survivor.io（ダダサバイバー）","キャラクターを育成して強くなる楽しさ","組み合わせること","コントロールが難しい","はい","モンスターを素早く倒す爽快感",""
"2025/09/27 3:19:53 PM GMT+9","30~39歳","5","Archero（弓矢の伝説）","敵を一掃するときのスリル","Upgrading weapons","Short time of waves","Addictive ","戦略カードを集めてデッキを組む楽しさ","Easy game, really good"
"2025/09/27 3:20:53 PM GMT+9","20~29歳","5","このようなゲームはあまり遊ばない","敵を一掃するときのスリル","The boss","None","Addicting","ユニットをマージして新しいランクを作ること","It was very good!!"
"2025/09/27 3:21:44 PM GMT+9","30~39歳","5","このようなゲームはあまり遊ばない","個性的なグラフィックや世界観","More final bosses","Load time","Fun on the go game","モンスターを素早く倒す爽快感","None"
"2025/09/27 3:30:26 PM GMT+9","40~49歳","5","Vampire Survivors;Survivor.io（ダダサバイバー）;Ace Craft;Archero（弓矢の伝説）","敵を一掃するときのスリル;戦略で勝ったときの達成感;キャラクターを育成して強くなる楽しさ;個性的なグラフィックや世界観","","","","モンスターを素早く倒す爽快感",""
"2025/09/27 3:33:57 PM GMT+9","20~29歳","4","このようなゲームはあまり遊ばない;","キャラクターを育成して強くなる楽しさ","","","","モンスターを素早く倒す爽快感",""
"2025/09/27 3:39:25 PM GMT+9","20~29歳","5","このようなゲームはあまり遊ばない","キャラクターを育成して強くなる楽しさ","ガチャガチャのプルがおもろかった","特にない","キャラが可愛い","ユニットをマージして新しいランクを作ること",""
"2025/09/27 3:41:02 PM GMT+9","20~29歳","4","このようなゲームはあまり遊ばない","敵を一掃するときのスリル","","","","モンスターを素早く倒す爽快感",""
"2025/09/27 3:44:41 PM GMT+9","40~49歳","3","Survivor.io（ダダサバイバー）;Archero（弓矢の伝説）","キャラクターを育成して強くなる楽しさ","","","","モンスターを素早く倒す爽快感;ユニットをマージして新しいランクを作ること",""
"2025/09/27 3:55:56 PM GMT+9","50歳以上","5","Vampire Survivors;Survivor.io（ダダサバイバー）;Ace Craft;Archero（弓矢の伝説）;このようなゲームはあまり遊ばない","戦略で勝ったときの達成感","Good","Good","Great","モンスターを素早く倒す爽快感","Apik"
"2025/09/27 3:57:17 PM GMT+9","30~39歳","5","Vampire Survivors;Survivor.io（ダダサバイバー）;Archero（弓矢の伝説）","敵を一掃するときのスリル;戦略で勝ったときの達成感","뒤로갈수록 약간은 극적인 느낌은 약했음","배치못하고 턴을 시작했을때","뱀서랑 운빨 합쳐놓은거","ユニットをマージして新しいランクを作ること","네이버웹툰이랑 콜라보하면 재밌겠네요"
"2025/09/27 3:57:19 PM GMT+9","30~39歳","5","Survivor.io（ダダサバイバー）;Archero（弓矢の伝説）","敵を一掃するときのスリル;キャラクターを育成して強くなる楽しさ;個性的なグラフィックや世界観","탱크로 밀때","없음","귀엽고 도파민터지는 게임","戦略カードを集めてデッキを組む楽しさ;ユニットをマージして新しいランクを作ること","너무 귀여워서 없습니다!"
"2025/09/27 4:05:23 PM GMT+9","30~39歳","4","このようなゲームはあまり遊ばない","敵を一掃するときのスリル;戦略で勝ったときの達成感;キャラクターを育成して強くなる楽しさ;個性的なグラフィックや世界観","","","","モンスターを素早く倒す爽快感;戦略カードを集めてデッキを組む楽しさ;ユニットをマージして新しいランクを作ること",""
"2025/09/27 4:08:38 PM GMT+9","40~49歳","4","Survivor.io（ダダサバイバー）;Ace Craft","敵を一掃するときのスリル","敵に囲まれた時に逃げれた","指で隠れる","ストレス発散","モンスターを素早く倒す爽快感",""
"2025/09/27 4:09:34 PM GMT+9","30~39歳","4","このようなゲームはあまり遊ばない","キャラクターを育成して強くなる楽しさ","死ぬ瞬間","","","ユニットをマージして新しいランクを作ること",""
"2025/09/27 4:15:08 PM GMT+9","20~29歳","5","Ace Craft","敵を一掃するときのスリル","","","","モンスターを素早く倒す爽快感",""
"2025/09/27 4:15:26 PM GMT+9","20~29歳","4","このようなゲームはあまり遊ばない","敵を一掃するときのスリル","","","","モンスターを素早く倒す爽快感",""
"2025/09/27 4:32:16 PM GMT+9","20~29歳","4","Survivor.io（ダダサバイバー）;このようなゲームはあまり遊ばない","キャラクターを育成して強くなる楽しさ","たくさんの魔物が襲われるときです。","コーナーに逃げられずあそわれたことです。","可愛い","モンスターを素早く倒す爽快感;ユニットをマージして新しいランクを作ること","ありません。"
"2025/09/27 4:44:50 PM GMT+9","20~29歳","4","","敵を一掃するときのスリル","","","","モンスターを素早く倒す爽快感",""
"2025/09/27 4:44:58 PM GMT+9","30~39歳","4","Survivor.io（ダダサバイバー）","敵を一掃するときのスリル;キャラクターを育成して強くなる楽しさ;個性的なグラフィックや世界観","","","","モンスターを素早く倒す爽快感;マップのミネラルを採掘してルーレットでアイテムを得ること",""
"2025/09/27 4:51:27 PM GMT+9","30~39歳","5","Vampire Survivors","キャラクターを育成して強くなる楽しさ;個性的なグラフィックや世界観","","","","",""
"2025/09/27 4:51:49 PM GMT+9","30~39歳","4","このようなゲームはあまり遊ばない","戦略で勝ったときの達成感","","","","",""
"2025/09/28 10:13:37 AM GMT+9","10~19歳","4","Survivor.io（ダダサバイバー）","敵を一掃するときのスリル","1番最初の武器を集める時","倒せなかった時","ダダサバイバー","モンスターを素早く倒す爽快感","自動で強化できる機能が欲しい。途中から紛らわしくなった"
"2025/09/28 10:14:37 AM GMT+9","20~29歳","3","このようなゲームはあまり遊ばない","戦略で勝ったときの達成感","","","","モンスターを素早く倒す爽快感",""
"2025/09/28 10:35:43 AM GMT+9","30~39歳","4","このようなゲームはあまり遊ばない","敵を一掃するときのスリル","ボスを倒す","ボス戦のダメージの当たり方","","モンスターを素早く倒す爽快感;戦略カードを集めてデッキを組む楽しさ",""
"2025/09/28 10:36:39 AM GMT+9","30~39歳","5","Vampire Survivors;Survivor.io（ダダサバイバー）","敵を一掃するときのスリル;キャラクターを育成して強くなる楽しさ","強くなったみんなでがんばって倒した","敵の足が速くてかこまれた","おもしろいよ！","ユニットをマージして新しいランクを作ること","音楽ももっと盛り上げてほしい"
"2025/09/28 10:45:51 AM GMT+9","30~39歳","3","このようなゲームはあまり遊ばない","個性的なグラフィックや世界観","敵を倒したとき","特になし","特になし","モンスターを素早く倒す爽快感","特になし"
"2025/09/28 10:48:42 AM GMT+9","30~39歳","5","Vampire Survivors","キャラクターを育成して強くなる楽しさ;個性的なグラフィックや世界観","進化させたとく","動きが遅い","ヴァンサバライク","戦略カードを集めてデッキを組む楽しさ;ユニットをマージして新しいランクを作ること",""
"2025/09/28 11:03:41 AM GMT+9","20~29歳","5","Survivor.io（ダダサバイバー）","敵を一掃するときのスリル","ボスを倒せたときが爽快でした","なし","サバイバルゲーム","ユニットをマージして新しいランクを作ること","主人公の魅力がもっとほしいです"
"2025/09/28 11:30:33 AM GMT+9","20~29歳","5","Survivor.io（ダダサバイバー）","個性的なグラフィックや世界観","","","","",""
"2025/09/28 11:41:44 AM GMT+9","40~49歳","4","このようなゲームはあまり遊ばない","戦略で勝ったときの達成感","クリアできた","思うように動かせない","かわいい","戦略カードを集めてデッキを組む楽しさ",""
"2025/09/28 11:58:49 AM GMT+9","30~39歳","4","Survivor.io（ダダサバイバー）","敵を一掃するときのスリル","내가 원하는 유닛이 소환되었을때","소환을 한꺼번에 하였을때 한번에 합체할수있는 기능이 있으면 편리할것같고, 게임의 방향이긴하지만 처음할때 적들의 공격 거리를 가늠할수없는게 아쉬웠습니다.","뱀서류","ユニットをマージして新しいランクを作ること","5번과 동일"
"2025/09/28 12:07:53 PM GMT+9","20~29歳","5","Survivor.io（ダダサバイバー）","敵を一掃するときのスリル;キャラクターを育成して強くなる楽しさ","보라색 에픽 유닛 만들때","몬스터들 사거리가 생각보다 길었다","킬링타임용 게임 추천","モンスターを素早く倒す爽快感;ユニットをマージして新しいランクを作ること","맵 밖에 미네랄 표시가 좀 더 직관적인 컬러로 표시되도 좋을 것 같다"
"2025/09/28 12:13:49 PM GMT+9","30~39歳","5","Vampire Survivors","キャラクターを育成して強くなる楽しさ;個性的なグラフィックや世界観","","","","",""
"2025/09/28 12:16:03 PM GMT+9","30~39歳","5","このようなゲームはあまり遊ばない","キャラクターを育成して強くなる楽しさ;個性的なグラフィックや世界観","","","","モンスターを素早く倒す爽快感;ユニットをマージして新しいランクを作ること",""
"2025/09/28 12:23:42 PM GMT+9","30~39歳","5","Survivor.io（ダダサバイバー）","キャラクターを育成して強くなる楽しさ","","めんどくさくなったらx","かわいい、たのしい！","モンスターを素早く倒す爽快感;キャラクター",""
"2025/09/28 12:24:03 PM GMT+9","30~39歳","3","","敵を一掃するときのスリル","豪快なエモート","うまくいかないとき","楽しい","モンスターを素早く倒す爽快感",""
"2025/09/28 12:25:24 PM GMT+9","30~39歳","3","Vampire Survivors;Survivor.io（ダダサバイバー）","キャラクターを育成して強くなる楽しさ;個性的なグラフィックや世界観","徐々に慣れて楽しむハクスラ","まだ操作がなれないのですぐに死んでしまった","ヴァンパイアサバイバーライクのゲーム","ユニットをマージして新しいランクを作ること","爽快感"
"2025/09/28 12:29:36 PM GMT+9","20~29歳","3","Vampire Survivors;Survivor.io（ダダサバイバー）;Ace Craft","戦略で勝ったときの達成感","","","","",""
"2025/09/28 12:39:55 PM GMT+9","30~39歳","5","このようなゲームはあまり遊ばない","敵を一掃するときのスリル;個性的なグラフィックや世界観;他プレイヤーとの競争・協力の面白さ","귀여운 게임 스타일이 좋았고 손 감각이 쉬워서 좋았음","버튼이 너무 작았음","소개하고싶습니다 재밌었어요","モンスターを素早く倒す爽快感;戦略カードを集めてデッキを組む楽しさ",""
"2025/09/28 12:42:33 PM GMT+9","40~49歳","4","Survivor.io（ダダサバイバー）;Archero（弓矢の伝説）","敵を一掃するときのスリル;戦略で勝ったときの達成感;キャラクターを育成して強くなる楽しさ","圧倒的に強くなったときの爽快感","特に無い","ダダサバイバーの進化版","モンスターを素早く倒す爽快感;ユニットをマージして新しいランクを作ること","特になし"
"2025/09/28 12:44:50 PM GMT+9","10~19歳","5","Survivor.io（ダダサバイバー）","敵を一掃するときのスリル;キャラクターを育成して強くなる楽しさ","敵を蹴散らすところ","あとちょっとで合体できるのに出来ないとき","ダダサバイバーの進化版だ","モンスターを素早く倒す爽快感","特になし"
"2025/09/28 12:46:12 PM GMT+9","9歳以下","5","Survivor.io（ダダサバイバー）","敵を一掃するときのスリル;キャラクターを育成して強くなる楽しさ","育成できたとき","育成できないとき","ダダサバイバー","モンスターを素早く倒す爽快感","特になし"
"2025/09/28 1:29:38 PM GMT+9","10~19歳","5","Vampire Survivors;Survivor.io（ダダサバイバー）","敵を一掃するときのスリル;キャラクターを育成して強くなる楽しさ","","","","モンスターを素早く倒す爽快感;ユニットをマージして新しいランクを作ること",""
"2025/09/28 1:33:58 PM GMT+9","20~29歳","5","Vampire Survivors;Survivor.io（ダダサバイバー）","戦略で勝ったときの達成感","good games","","","モンスターを素早く倒す爽快感","more special events"
"2025/09/28 1:40:53 PM GMT+9","20~29歳","5","Survivor.io（ダダサバイバー）","敵を一掃するときのスリル;キャラクターを育成して強くなる楽しさ","","","","",""
"2025/09/28 1:41:20 PM GMT+9","20~29歳","5","Vampire Survivors;Survivor.io（ダダサバイバー）;Archero（弓矢の伝説）","戦略で勝ったときの達成感","Yes","Yes","Yes","ユニットをマージして新しいランクを作ること","Yes"
"2025/09/28 1:44:56 PM GMT+9","20~29歳","5","このようなゲームはあまり遊ばない","敵を一掃するときのスリル","気持ちよかった","なし","やりこめるげーむ","モンスターを素早く倒す爽快感;マップのミネラルを採掘してルーレットでアイテムを得ること",""
"2025/09/28 2:01:25 PM GMT+9","20~29歳","3","このようなゲームはあまり遊ばない","戦略で勝ったときの達成感","","","","マップのミネラルを採掘してルーレットでアイテムを得ること",""
"2025/09/28 2:01:52 PM GMT+9","20~29歳","4","Survivor.io（ダダサバイバー）","敵を一掃するときのスリル;戦略で勝ったときの達成感","","","","マップのミネラルを採掘してルーレットでアイテムを得ること","端末が熱くなりがちです。"
"2025/09/28 2:35:00 PM GMT+9","20~29歳","4","このようなゲームはあまり遊ばない","キャラクターを育成して強くなる楽しさ","ボスを倒せたときに","ありませんでした","ゆるかわネーム","モンスターを素早く倒す爽快感;ユニットをマージして新しいランクを作ること;マップのミネラルを採掘してルーレットでアイテムを得ること","改善点ない"
"2025/09/28 2:40:18 PM GMT+9","30~39歳","4","Vampire Survivors;Survivor.io（ダダサバイバー）","キャラクターを育成して強くなる楽しさ;個性的なグラフィックや世界観","敵に囲まれてピンチだったが","操作性が悪い(慣性が働きすぎてる)","猫のヴァンサバ","モンスターを素早く倒す爽快感;戦略カードを集めてデッキを組む楽しさ;ユニットをマージして新しいランクを作ること","操作性"
"2025/09/28 2:51:07 PM GMT+9","10~19歳","5","Archero（弓矢の伝説）","敵を一掃するときのスリル;戦略で勝ったときの達成感;キャラクターを育成して強くなる楽しさ;個性的なグラフィックや世界観","強くなって一気に倒せた時","ない","最高！！！！","モンスターを素早く倒す爽快感;戦略カードを集めてデッキを組む楽しさ;ユニットをマージして新しいランクを作ること",""
"2025/09/28 2:51:26 PM GMT+9","40~49歳","5","このようなゲームはあまり遊ばない","敵を一掃するときのスリル","","","","モンスターを素早く倒す爽快感",""
"2025/09/28 2:52:05 PM GMT+9","20~29歳","5","このようなゲームはあまり遊ばない","個性的なグラフィックや世界観","ボスの出現","ない","簡単","ユニットをマージして新しいランクを作ること","ない"
"2025/09/28 2:53:48 PM GMT+9","20~29歳","4","このようなゲームはあまり遊ばない","敵を一掃するときのスリル;戦略で勝ったときの達成感;キャラクターを育成して強くなる楽しさ;個性的なグラフィックや世界観","英雄キャラクターを多く作れた時","","爽快感があるゲーム","モンスターを素早く倒す爽快感;ユニットをマージして新しいランクを作ること","特にないです。楽しかったです！ありがとうございました。"
"2025/09/28 3:04:00 PM GMT+9","30~39歳","4","このようなゲームはあまり遊ばない","個性的なグラフィックや世界観","","","","モンスターを素早く倒す爽快感;マップのミネラルを採掘してルーレットでアイテムを得ること",""
"2025/09/28 3:32:44 PM GMT+9","20~29歳","5","Vampire Survivors;Survivor.io（ダダサバイバー）","戦略で勝ったときの達成感","","","넵 친구나 회사 직원들에게","ユニットをマージして新しいランクを作ること",""
"2025/09/28 3:52:22 PM GMT+9","20~29歳","4","このようなゲームはあまり遊ばない","敵を一掃するときのスリル;戦略で勝ったときの達成感;個性的なグラフィックや世界観","","","","モンスターを素早く倒す爽快感;戦略カードを集めてデッキを組む楽しさ;ユニットをマージして新しいランクを作ること",""
"2025/09/28 3:54:32 PM GMT+9","20~29歳","5","このようなゲームはあまり遊ばない","敵を一掃するときのスリル;キャラクターを育成して強くなる楽しさ","敵に囲まれた時はドキドキしましたが最後まで楽しかったです！","特にないです。","可愛らしいマスコットを操りながら敵を一掃するゲーム","モンスターを素早く倒す爽快感;戦略カードを集めてデッキを組む楽しさ;ユニットをマージして新しいランクを作ること;マップのミネラルを採掘してルーレットでアイテムを得ること","特にないです。"
"2025/09/28 4:13:25 PM GMT+9","40~49歳","3","Vampire Survivors","敵を一掃するときのスリル","パワーアップしたとき","スマホでは操作しにくい","","モンスターを素早く倒す爽快感;ユニットをマージして新しいランクを作ること",""